Function name,Process Control,Device management,File management,Protection,Information maintenance,Communication,Non-classified
_Exit,1,0,0,0,0,0,0
__after_morecore_hook,1,0,0,0,0,0,0
__fbufsize,0,0,0,0,0,0,1
__flbf,0,0,0,0,0,0,1
__fpending,0,0,0,0,0,0,1
__fpurge,0,1,1,0,0,1,0
__freadable,0,0,0,0,0,0,1
__freading,0,0,0,0,0,0,1
__free_hook,0,0,0,0,0,0,1
__fsetlocking,0,0,0,0,0,0,1
__fwritable,0,0,0,0,0,0,1
__fwriting,0,0,0,0,0,0,1
__malloc_hook,0,0,0,0,0,0,1
__malloc_initialize_hook,0,0,0,0,0,0,1
__memalign_hook,0,0,0,0,0,0,1
__realloc_hook,0,0,0,0,0,0,1
_exit,1,0,0,0,0,0,0
_flushlbf,0,0,0,0,0,0,1
a64l,0,0,0,0,0,0,1
abort,1,0,0,0,0,0,0
abs,0,0,0,0,0,0,1
accept,0,0,0,0,0,1,0
accept4,0,0,0,0,0,1,0
access,0,0,1,1,1,0,0
acct,1,0,1,0,0,0,0
addmntent,0,1,1,0,0,0,0
addseverity,0,0,0,0,0,0,1
adjtime,0,0,0,0,1,0,0
adjtimex,0,0,0,0,1,0,0
aio_cancel,0,0,1,0,0,1,0
aio_error,0,0,0,0,0,0,1
aio_fsync,0,1,1,0,0,1,0
aio_init,0,0,0,0,0,0,1
aio_read,0,1,1,0,0,1,0
aio_return,0,0,0,0,0,0,1
aio_suspend,1,0,0,0,0,1,0
aio_write,0,1,1,0,0,1,0
alarm,1,0,0,0,0,1,0
aligned_alloc,1,0,0,0,0,0,0
alphasort,0,0,0,0,0,0,1
arch_prctl,1,0,0,0,1,0,0
argz_add,0,0,0,0,0,0,1
argz_add_sep,0,0,0,0,0,0,1
argz_append,0,0,0,0,0,0,1
argz_count,0,0,0,0,0,0,1
argz_create,0,0,0,0,0,0,1
argz_create_sep,0,0,0,0,0,0,1
argz_delete,0,0,0,0,0,0,1
argz_extract,0,0,0,0,0,0,1
argz_insert,0,0,0,0,0,0,1
argz_next,0,0,0,0,0,0,1
argz_replace,0,0,0,0,0,0,1
argz_stringify,0,0,0,0,0,0,1
asctime,0,0,0,0,0,0,1
asctime_r,0,0,0,0,0,0,1
asprintf,0,0,0,0,0,0,1
atof,0,0,0,0,0,0,1
atoi,0,0,0,0,0,0,1
atol,0,0,0,0,0,0,1
atoll,0,0,0,0,0,0,1
authnone_create,0,0,0,0,0,1,0
authunix_create,0,0,0,0,0,1,0
authunix_create_default,0,0,0,0,0,1,0
backtrace,0,0,0,0,0,0,1
backtrace_symbols,0,0,0,0,0,0,1
backtrace_symbols_fd,0,0,0,0,1,0,0
basename,0,0,0,0,0,0,1
bcmp,0,0,0,0,0,0,1
bcopy,0,0,0,0,0,0,1
bdflush,0,1,1,0,0,0,0
bind,0,1,1,0,0,1,0
bind_textdomain_codeset,0,0,0,0,1,0,0
bindresvport,0,1,1,0,0,1,0
bindtextdomain,0,0,1,0,1,0,0
brk,1,0,0,0,0,0,0
bsd_signal,1,0,0,0,0,1,0
bsearch,0,0,0,0,0,0,1
btowc,0,0,0,0,0,0,1
bzero,0,0,0,0,0,0,1
calloc,1,0,0,0,0,0,0
callrpc,0,0,0,0,0,1,0
canonicalize_file_name,0,1,1,1,1,0,0
capget,1,0,0,1,0,0,0
capset,1,0,0,1,0,0,0
catclose,0,0,1,0,1,0,0
catgets,0,0,0,0,1,0,0
catopen,0,0,1,0,1,0,0
cbc_crypt,0,1,0,0,0,0,0
cfgetispeed,0,0,0,0,0,0,1
cfgetospeed,0,1,0,0,0,1,0
cfmakeraw,0,1,0,0,0,1,0
cfree,1,0,0,0,0,0,0
cfsetispeed,0,1,0,0,0,1,0
cfsetospeed,0,1,0,0,0,1,0
cfsetspeed,0,1,0,0,0,1,0
chdir,1,0,1,0,0,0,0
chmod,0,0,1,1,0,0,0
chown,0,0,1,1,0,0,0
chroot,1,0,0,1,0,0,0
clearenv,1,0,0,0,0,0,0
clearerr,0,0,0,0,0,0,1
clearerr_unlocked,0,0,0,0,0,0,1
clnt_broadcast,0,0,0,0,0,1,0
clnt_create,0,0,0,0,0,1,0
clnt_pcreateerror,0,0,0,0,0,0,1
clnt_perrno,0,0,0,0,0,0,1
clnt_perror,0,0,0,0,0,1,0
clnt_spcreateerror,0,0,0,0,0,0,1
clnt_sperrno,0,0,0,0,0,0,1
clnt_sperror,0,0,0,0,0,1,0
clntraw_create,0,0,0,0,0,1,0
clnttcp_create,0,0,0,0,0,1,0
clntudp_bufcreate,0,0,0,0,0,1,0
clntudp_create,0,1,0,0,0,1,0
clntunix_create,0,0,0,0,0,1,0
clock,0,0,0,0,0,0,1
clock_adjtime,0,0,0,0,1,0,0
clock_getcpuclockid,0,0,0,0,1,0,0
clock_getres,0,0,0,0,1,0,0
clock_gettime,0,0,0,0,1,0,0
clock_nanosleep,1,0,0,0,0,0,0
clock_settime,0,0,0,0,1,0,0
clone,1,0,0,0,0,1,0
close,0,1,1,0,0,0,0
closedir,0,1,1,0,0,1,0
closelog,0,0,0,0,0,1,0
confstr,0,0,0,0,1,0,0
connect,0,0,0,0,0,1,0
copy_file_range,0,1,1,0,0,0,0
copysign,0,0,0,0,0,0,1
copysignf,0,0,0,0,0,0,1
copysignl,0,0,0,0,0,0,1
creat,0,1,1,0,0,1,0
create_module,1,1,0,0,0,0,0
ctermid,0,0,0,0,0,0,1
ctime,0,0,0,0,0,0,1
ctime_r,0,0,0,0,0,0,1
cuserid,0,0,0,0,1,0,0
daemon,1,1,0,0,0,0,0
daylight,0,0,0,0,0,0,1
dcgettext,0,0,1,0,1,0,0
dcngettext,0,0,0,0,1,0,0
delete_module,1,0,0,1,0,0,0
des_setparity,0,0,0,0,0,0,1
dgettext,0,0,0,0,1,0,0
difftime,0,0,0,0,0,0,1
dirfd,0,1,1,0,0,0,0
dirname,0,0,0,0,0,0,1
div,0,0,0,0,0,0,1
dl_iterate_phdr,0,0,0,0,0,0,1
dladdr,0,0,0,0,0,0,1
dladdr1,0,0,0,0,0,0,1
dlclose,1,0,1,0,0,0,0
dlerror,0,0,0,0,0,0,1
dlinfo,1,0,1,0,0,0,0
dlmopen,1,0,1,0,0,0,0
dlopen,1,0,1,0,0,0,0
dlsym,1,0,1,0,0,0,0
dlvsym,0,0,0,0,0,0,1
dn_comp,0,0,0,0,1,1,0
dn_expand,0,0,0,0,1,1,0
dngettext,0,0,0,0,1,0,0
dprintf,0,1,1,0,0,1,0
drand48,0,0,0,0,0,0,1
drand48_r,0,0,0,0,0,0,1
dup,0,1,1,0,0,1,0
dup2,1,1,1,0,0,1,0
dup3,0,1,1,0,0,1,0
duplocale,0,0,0,0,0,0,1
dysize,0,0,0,0,0,0,1
eaccess,0,1,1,1,0,0,0
ecb_crypt,0,1,0,1,0,0,0
ecvt,0,0,0,0,0,0,1
ecvt_r,0,0,0,0,0,0,1
endaliasent,0,0,1,0,1,0,0
endfsent,0,0,1,0,0,0,0
endgrent,0,0,1,0,1,0,0
endhostent,0,0,0,0,1,1,0
endmntent,0,0,1,0,0,0,0
endnetent,0,0,0,0,0,0,1
endnetgrent,0,0,0,0,1,0,0
endprotoent,0,0,0,0,0,0,1
endpwent,0,0,0,0,1,0,0
endrpcent,0,0,0,0,0,0,1
endservent,0,0,0,0,0,0,1
endspent,0,0,1,0,1,0,0
endttyent,0,1,1,0,0,0,0
endusershell,0,0,1,0,1,0,0
endutent,0,0,1,0,0,0,0
endutxent,0,0,1,0,0,0,0
envz_add,0,0,0,0,0,0,1
envz_entry,0,0,0,0,0,0,1
envz_get,0,0,0,0,0,0,1
envz_merge,0,0,0,0,0,0,1
envz_remove,0,0,0,0,0,0,1
envz_strip,0,0,0,0,0,0,1
epoll_create,0,0,1,0,1,0,0
epoll_create1,0,1,1,0,0,1,0
epoll_ctl,0,1,1,0,0,1,0
epoll_pwait,0,1,1,0,0,1,0
epoll_wait,0,1,1,0,0,1,0
erand48,0,0,0,0,0,0,1
erand48_r,0,0,0,0,0,0,1
err,0,0,0,0,0,0,1
errno,0,0,0,0,0,0,1
error,0,0,0,0,0,0,1
error_at_line,0,0,0,0,0,0,1
error_message_count,0,0,0,0,0,0,1
error_one_per_line,0,0,0,0,0,0,1
error_print_progname,0,0,0,0,0,0,1
errx,0,0,0,0,0,0,1
ether_aton,0,0,0,0,0,0,1
ether_aton_r,0,0,0,0,0,0,1
ether_hostton,0,0,0,0,1,0,0
ether_line,0,0,0,0,0,0,1
ether_ntoa,0,0,0,0,0,0,1
ether_ntoa_r,0,0,0,0,0,0,1
ether_ntohost,0,0,0,0,1,0,0
euidaccess,0,1,1,1,0,0,0
eventfd,1,0,0,0,0,1,0
eventfd_read,0,1,1,0,0,1,0
eventfd_write,1,1,1,0,0,1,0
execl,1,0,0,0,0,0,0
execle,1,0,0,0,0,0,0
execlp,1,0,1,0,0,0,0
execv,1,0,0,0,0,0,0
execve,1,0,0,0,0,0,0
execveat,1,0,1,0,0,0,0
execvp,1,0,0,0,0,0,0
execvpe,1,0,0,0,0,0,0
exit,1,0,0,0,0,0,0
explicit_bzero,0,0,0,0,0,0,1
faccessat,0,1,1,1,0,0,0
fallocate,0,1,1,0,0,0,0
fanotify_init,0,0,1,1,1,0,0
fanotify_mark,0,1,1,1,1,0,0
fattach,0,0,0,0,0,0,1
fchdir,1,0,1,0,0,0,0
fchmod,0,0,1,1,0,0,0
fchmodat,0,0,1,1,0,0,0
fchown,0,0,1,1,0,0,0
fchownat,0,0,1,1,0,0,0
fclose,0,1,1,0,0,1,0
fcloseall,0,1,1,0,0,1,0
fcntl,1,1,1,1,0,0,0
fcntl64,0,1,1,1,0,1,0
fcvt,0,0,0,0,0,0,1
fcvt_r,0,0,0,0,0,0,1
fdatasync,0,1,1,0,1,0,0
fdetach,0,0,0,0,0,0,1
fdopen,0,1,1,0,0,1,0
fdopendir,0,1,1,0,0,0,0
feof,0,0,0,0,0,0,1
feof_unlocked,0,0,0,0,0,0,1
ferror,0,0,0,0,0,0,1
ferror_unlocked,0,0,0,0,0,0,1
fexecve,1,0,1,0,0,0,0
fflush,0,1,1,0,0,1,0
fflush_unlocked,0,0,0,0,0,0,1
ffs,0,0,0,0,0,0,1
ffsl,0,0,0,0,0,0,1
ffsll,0,0,0,0,0,0,1
fgetc,0,1,1,0,0,1,0
fgetc_unlocked,0,1,1,0,0,1,0
fgetgrent,0,0,1,0,1,0,0
fgetgrent_r,0,0,1,0,1,0,0
fgetpos,0,1,1,0,0,1,0
fgetpwent,0,0,0,0,0,0,1
fgetpwent_r,0,0,1,0,1,0,0
fgets,0,1,1,0,0,1,0
fgets_unlocked,0,0,0,0,0,0,1
fgetspent,0,0,1,0,1,0,0
fgetspent_r,0,0,1,0,1,0,0
fgetwc,0,1,1,0,0,1,0
fgetwc_unlocked,0,0,0,0,0,0,1
fgetws,0,0,1,0,0,0,0
fgetws_unlocked,0,1,1,0,0,1,0
fgetxattr,0,0,1,0,1,0,0
fileno,0,0,0,0,0,0,1
fileno_unlocked,0,0,0,0,0,0,1
finite,0,0,0,0,0,0,1
finitef,0,0,0,0,0,0,1
finitel,0,0,0,0,0,0,1
flistxattr,0,0,1,0,1,0,0
flock,0,0,1,1,0,0,0
flockfile,1,0,0,0,0,0,0
fmemopen,0,0,0,0,0,0,1
fmtmsg,0,0,0,0,1,0,0
fnmatch,0,0,0,0,0,0,1
fopen,0,1,1,0,0,0,0
fopencookie,0,0,0,0,0,0,1
fork,1,0,0,0,0,0,0
forkpty,1,1,0,0,0,1,0
fpathconf,0,0,0,0,1,0,0
fprintf,0,1,1,0,0,1,0
fputc,0,1,1,0,0,1,0
fputc_unlocked,0,1,1,0,0,1,0
fputs,0,1,1,0,0,1,0
fputs_unlocked,0,1,1,0,0,1,0
fputwc,0,1,1,0,0,1,0
fputwc_unlocked,0,1,1,0,0,1,0
fputws,0,1,1,0,0,1,0
fputws_unlocked,0,1,1,0,0,1,0
fread,0,1,1,0,0,1,0
fread_unlocked,0,0,0,0,0,0,1
free,1,0,0,0,0,0,0
freeaddrinfo,0,0,0,0,0,0,1
freeifaddrs,0,0,0,0,0,0,1
freelocale,0,0,0,0,0,0,1
fremovexattr,0,0,1,1,0,0,0
freopen,0,1,1,0,0,1,0
frexp,0,0,0,0,0,0,1
frexpf,0,0,0,0,0,0,1
frexpl,0,0,0,0,0,0,1
fscanf,0,1,1,0,0,1,0
fseek,0,1,1,0,0,1,0
fseeko,0,1,1,0,1,0,0
fsetpos,0,1,1,0,0,1,0
fsetxattr,0,0,1,1,0,0,0
fstat,0,0,1,0,1,0,0
fstat64,0,1,1,0,1,0,0
fstatat,0,0,1,0,1,0,0
fstatat64,0,0,1,0,1,0,0
fstatfs,0,1,1,0,1,0,0
fstatfs64,0,1,1,0,1,0,0
fstatvfs,0,1,1,0,1,0,0
fsync,0,1,1,0,1,0,0
ftell,0,1,1,0,1,0,0
ftello,0,0,1,0,1,0,0
ftime,0,0,0,0,0,0,1
ftok,0,0,1,0,0,1,0
ftruncate,0,0,1,1,0,0,0
ftruncate64,0,1,1,0,0,0,0
ftrylockfile,1,0,0,0,0,0,0
fts_children,0,1,1,0,0,0,0
fts_close,0,1,1,0,0,0,0
fts_open,0,1,1,0,0,0,0
fts_read,0,1,1,0,1,0,0
fts_set,0,0,1,0,0,0,0
ftw,0,1,1,0,0,0,0
funlockfile,0,0,0,0,0,0,1
futimens,0,0,1,0,1,0,0
futimes,0,0,1,0,1,0,0
futimesat,0,0,1,0,1,0,0
fwide,0,0,0,0,0,0,1
fwprintf,0,1,1,0,0,1,0
fwrite,0,1,1,0,0,1,0
fwrite_unlocked,0,1,1,0,0,1,0
gai_cancel,0,0,0,0,1,1,0
gai_error,0,0,0,0,0,0,1
gai_strerror,0,0,0,0,0,0,1
gai_suspend,0,0,0,0,1,1,0
gcvt,0,0,0,0,0,0,1
get_avphys_pages,0,0,0,0,1,0,0
get_current_dir_name,0,0,0,0,1,0,0
get_kernel_syms,0,0,0,0,1,0,0
get_myaddress,0,0,0,0,0,1,0
get_nprocs,0,0,0,0,1,0,0
get_nprocs_conf,0,0,0,0,1,0,0
get_phys_pages,0,0,0,0,1,0,0
getaddrinfo,0,0,0,0,1,1,0
getaddrinfo_a,1,0,1,0,0,1,0
getaliasbyname,0,0,1,0,1,1,0
getaliasbyname_r,0,0,1,0,1,0,0
getaliasent,0,0,1,0,1,0,0
getaliasent_r,0,0,1,0,1,0,0
getauxval,0,0,0,0,1,0,0
getc,0,1,1,0,0,1,0
getc_unlocked,0,1,1,0,0,1,0
getchar,0,1,1,0,0,1,0
getchar_unlocked,0,1,1,0,0,1,0
getcontext,0,0,0,0,0,0,1
getcpu,0,0,0,0,1,0,0
getcwd,0,0,1,0,1,0,0
getdate,0,0,0,0,0,0,1
getdate_err,0,0,0,0,0,0,1
getdate_r,0,0,0,0,0,0,1
getdelim,0,1,1,0,0,1,0
getdents64,0,1,1,0,0,0,0
getdirentries,0,1,1,0,0,0,0
getdomainname,0,0,0,0,1,0,0
getdtablesize,0,0,0,0,0,0,1
getegid,0,0,0,0,1,0,0
getentropy,0,0,0,0,0,0,1
getenv,0,0,0,0,0,0,1
geteuid,0,0,0,1,1,0,0
getfsent,0,0,1,0,1,0,0
getfsfile,0,0,1,0,1,0,0
getfsspec,0,0,1,0,1,0,0
getgid,0,0,0,1,1,0,0
getgrent,0,0,1,0,1,0,0
getgrent_r,0,0,0,0,1,0,0
getgrgid,0,0,1,0,1,0,0
getgrgid_r,0,0,1,0,1,0,0
getgrnam,0,0,1,0,1,0,0
getgrnam_r,0,0,1,0,1,0,0
getgrouplist,0,0,0,0,1,0,0
getgroups,0,0,0,1,1,0,0
gethostbyaddr,0,0,0,0,1,1,0
gethostbyaddr_r,0,0,0,0,1,1,0
gethostbyname,0,0,0,0,1,1,0
gethostbyname2,0,0,0,0,1,1,0
gethostbyname2_r,0,0,0,0,1,1,0
gethostbyname_r,0,0,0,0,1,1,0
gethostent,0,0,0,0,1,1,0
gethostent_r,0,0,0,0,1,1,0
gethostid,0,0,0,0,1,0,0
gethostname,0,0,0,0,1,0,0
getifaddrs,0,1,0,0,1,1,0
getitimer,1,0,0,0,1,0,0
getline,0,1,1,0,0,1,0
getloadavg,0,0,0,0,1,0,0
getlogin,0,0,0,0,1,0,0
getlogin_r,0,0,0,0,1,0,0
getmntent,0,1,1,0,1,0,0
getmntent_r,1,1,1,0,0,0,0
getmsg,0,0,0,0,0,0,1
getnameinfo,0,0,1,0,0,1,0
getnetbyaddr,0,0,0,0,1,0,0
getnetbyaddr_r,0,0,0,0,1,0,0
getnetbyname,0,0,1,0,1,1,0
getnetbyname_r,0,0,0,0,1,0,0
getnetent,0,0,1,0,1,1,0
getnetent_r,0,0,0,0,1,0,0
getnetgrent,0,0,1,0,1,0,0
getnetgrent_r,0,0,0,0,1,0,0
getopt,0,0,0,0,0,0,1
getopt_long,0,0,0,0,0,0,1
getopt_long_only,0,0,0,0,0,0,1
getpagesize,0,0,0,0,1,0,0
getpass,0,1,1,0,0,0,0
getpeername,0,0,0,0,1,1,0
getpgid,0,0,0,0,1,0,0
getpgrp,1,0,0,0,1,0,0
getpid,0,0,0,0,1,0,0
getpmsg,0,0,0,0,0,0,1
getppid,0,0,0,0,1,0,0
getpriority,1,0,0,0,1,0,0
getprotobyname,0,0,1,0,1,1,0
getprotobyname_r,0,0,0,0,1,0,0
getprotobynumber,0,0,1,0,1,1,0
getprotobynumber_r,0,0,1,0,1,1,0
getprotoent,0,0,0,0,0,0,1
getprotoent_r,0,0,0,0,1,0,0
getpt,0,1,1,0,0,0,0
getpw,0,0,0,0,1,0,0
getpwent,0,0,1,0,1,0,0
getpwent_r,0,0,0,0,1,0,0
getpwnam,0,0,1,0,1,0,0
getpwnam_r,0,0,0,0,1,0,0
getpwuid,0,0,0,0,1,0,0
getpwuid_r,0,0,1,0,1,0,0
getrandom,0,0,0,0,1,0,0
getresgid,0,0,0,1,1,0,0
getresuid,0,0,0,0,1,0,0
getrlimit,0,0,0,0,1,0,0
getrpcbyname,0,0,1,0,1,1,0
getrpcbyname_r,0,0,0,0,1,0,0
getrpcbynumber,0,0,1,0,1,1,0
getrpcbynumber_r,0,0,1,0,1,0,0
getrpcent,0,0,1,0,1,1,0
getrpcent_r,0,0,1,0,1,0,0
getrpcport,0,0,0,0,1,1,0
getrusage,0,0,0,0,1,0,0
gets,0,1,1,0,0,1,0
getservbyname,0,0,0,0,1,1,0
getservbyname_r,0,0,1,0,1,1,0
getservbyport,0,0,1,0,1,1,0
getservbyport_r,0,0,1,0,1,1,0
getservent,0,0,1,0,1,1,0
getservent_r,0,0,1,0,1,1,0
getsid,0,0,0,0,1,0,0
getsockname,0,0,0,0,1,1,0
getsockopt,0,1,1,1,0,1,0
getspent,0,0,1,0,1,0,0
getspent_r,0,0,1,0,1,0,0
getspnam,0,0,1,0,1,0,0
getspnam_r,0,0,1,0,1,0,0
getsubopt,0,0,0,0,0,0,1
gettext,0,0,0,0,1,0,0
gettid,0,0,0,0,1,0,0
gettimeofday,0,0,0,0,1,0,0
getttyent,0,1,1,0,1,0,0
getttynam,0,0,1,0,1,0,0
getuid,0,0,0,0,1,0,0
getusershell,0,0,1,0,1,0,0
getutent,0,0,1,0,1,0,0
getutent_r,0,0,1,0,1,0,0
getutid,0,0,1,0,1,0,0
getutid_r,0,0,1,0,1,0,0
getutline,0,0,1,0,1,0,0
getutline_r,0,0,1,0,1,0,0
getutmp,0,0,0,0,0,0,1
getutmpx,0,0,0,0,0,0,1
getutxent,0,0,1,0,1,0,0
getutxid,0,0,1,0,1,0,0
getutxline,0,0,1,0,1,0,0
getw,0,1,1,0,0,1,0
getwc,0,1,1,0,0,1,0
getwc_unlocked,0,0,0,0,0,0,1
getwchar,0,1,1,0,0,1,0
getwchar_unlocked,0,0,0,0,0,0,1
getwd,0,0,0,0,1,0,0
getxattr,0,0,1,0,1,0,0
glob,0,0,0,0,0,0,1
globfree,0,0,0,0,0,0,1
gmtime,0,0,0,0,0,0,1
gmtime_r,0,0,0,0,0,0,1
gnu_dev_major,0,0,0,0,0,0,1
gnu_dev_makedev,0,1,0,0,0,0,0
gnu_dev_minor,0,0,0,0,0,0,1
gnu_get_libc_release,0,0,0,0,0,0,1
gnu_get_libc_version,0,0,0,0,0,0,1
grantpt,0,1,0,1,0,0,0
group_member,0,0,0,0,0,0,1
gsignal,1,0,0,0,0,1,0
gtty,0,0,0,0,0,0,1
hasmntopt,0,1,1,0,0,0,0
hcreate,0,0,0,0,0,0,1
hcreate_r,0,0,0,0,0,0,1
hdestroy,0,0,0,0,0,0,1
hdestroy_r,0,0,0,0,0,0,1
herror,0,0,0,0,0,0,1
hsearch,0,0,0,0,0,0,1
hsearch_r,0,0,0,0,0,0,1
hstrerror,0,0,0,0,0,0,1
htonl,0,0,0,0,0,0,1
htons,0,0,0,0,0,0,1
iconv,0,0,1,0,1,0,0
iconv_close,0,0,0,0,0,0,1
iconv_open,0,0,0,0,0,0,1
if_freenameindex,0,0,0,0,0,0,1
if_indextoname,0,1,0,0,1,1,0
if_nameindex,0,1,0,0,1,1,0
if_nametoindex,0,0,0,0,0,0,1
imaxabs,0,0,0,0,0,0,1
imaxdiv,0,0,0,0,0,0,1
index,0,0,0,0,0,0,1
inet_addr,0,0,0,0,0,0,1
inet_aton,0,0,0,0,0,0,1
inet_lnaof,0,0,0,0,0,0,1
inet_makeaddr,0,0,0,0,0,0,1
inet_netof,0,0,0,0,0,0,1
inet_network,0,0,0,0,0,0,1
inet_ntoa,0,0,0,0,0,0,1
inet_ntop,0,0,0,0,0,0,1
inet_pton,0,0,0,0,0,0,1
init_module,0,1,0,1,0,0,0
initgroups,0,0,1,0,1,0,0
initstate,0,0,0,0,0,0,1
initstate_r,0,0,0,0,0,0,1
innetgr,0,0,0,0,1,0,0
inotify_add_watch,0,0,1,0,1,0,0
inotify_init,0,0,1,0,1,0,0
inotify_init1,0,0,1,0,1,0,0
inotify_rm_watch,0,0,1,0,1,0,0
insque,0,0,0,0,0,0,1
ioctl,0,1,1,0,0,1,0
ioperm,0,1,0,1,0,0,0
iopl,0,1,0,1,0,0,0
iruserok,0,0,0,1,1,1,0
iruserok_af,0,0,0,1,0,1,0
isalnum,0,0,0,0,0,0,1
isalnum_l,0,0,0,0,0,0,1
isalpha,0,0,0,0,0,0,1
isalpha_l,0,0,0,0,0,0,1
isascii,0,0,0,0,0,0,1
isastream,0,0,0,0,0,0,1
isatty,0,0,0,0,0,0,1
isblank,0,0,0,0,0,0,1
isblank_l,0,0,0,0,0,0,1
iscntrl,0,0,0,0,0,0,1
iscntrl_l,0,0,0,0,0,0,1
isdigit,0,0,0,0,0,0,1
isdigit_l,0,0,0,0,0,0,1
isfdtype,0,0,0,0,0,0,1
isgraph,0,0,0,0,0,0,1
isgraph_l,0,0,0,0,0,0,1
isinf,0,0,0,0,0,0,1
isinff,0,0,0,0,0,0,1
isinfl,0,0,0,0,0,0,1
islower,0,0,0,0,0,0,1
islower_l,0,0,0,0,0,0,1
isnan,0,0,0,0,0,0,1
isnanf,0,0,0,0,0,0,1
isnanl,0,0,0,0,0,0,1
isprint,0,0,0,0,0,0,1
isprint_l,0,0,0,0,0,0,1
ispunct,0,0,0,0,0,0,1
ispunct_l,0,0,0,0,0,0,1
isspace,0,0,0,0,0,0,1
isspace_l,0,0,0,0,0,0,1
isupper,0,0,0,0,0,0,1
isupper_l,0,0,0,0,0,0,1
iswalnum,0,0,0,0,0,0,1
iswalpha,0,0,0,0,0,0,1
iswblank,0,0,0,0,0,0,1
iswcntrl,0,0,0,0,0,0,1
iswctype,0,0,0,0,0,0,1
iswdigit,0,0,0,0,0,0,1
iswgraph,0,0,0,0,0,0,1
iswlower,0,0,0,0,0,0,1
iswprint,0,0,0,0,0,0,1
iswpunct,0,0,0,0,0,0,1
iswspace,0,0,0,0,0,0,1
iswupper,0,0,0,0,0,0,1
iswxdigit,0,0,0,0,0,0,1
isxdigit,0,0,0,0,0,0,1
isxdigit_l,0,0,0,0,0,0,1
jrand48,0,0,0,0,0,0,1
jrand48_r,0,0,0,0,0,0,1
key_decryptsession,0,0,0,1,0,1,0
key_encryptsession,0,0,0,1,0,1,0
key_gendes,0,0,0,1,0,1,0
key_secretkey_is_set,0,0,0,0,1,0,0
key_setsecret,0,0,0,1,0,1,0
kill,1,0,0,0,0,1,0
killpg,1,0,0,0,0,1,0
klogctl,0,0,0,0,1,1,0
l64a,0,0,0,0,0,0,1
labs,0,0,0,0,0,0,1
lchown,0,0,1,1,0,0,0
lckpwdf,0,0,0,1,0,0,0
lcong48,0,0,0,0,0,0,1
lcong48_r,0,0,0,0,0,0,1
ldexp,0,0,0,0,0,0,1
ldexpf,0,0,0,0,0,0,1
ldexpl,0,0,0,0,0,0,1
ldiv,0,0,0,0,0,0,1
lfind,0,0,0,0,0,0,1
lgetxattr,0,0,1,0,1,0,0
link,0,0,1,0,0,0,0
linkat,0,0,1,0,0,0,0
lio_listio,0,0,1,0,0,1,0
listen,0,1,1,0,0,1,0
listxattr,0,0,1,0,1,0,0
llabs,0,0,0,0,0,0,1
lldiv,0,0,0,0,0,0,1
llistxattr,0,0,1,0,1,0,0
llseek,0,1,1,0,1,0,0
localeconv,0,0,0,0,0,0,1
localtime,0,0,0,0,1,0,0
localtime_r,0,0,0,0,0,0,1
lockf,0,0,1,1,0,0,0
login,0,0,1,0,1,0,0
login_tty,1,1,0,0,0,0,0
logout,0,0,1,0,1,0,0
logwtmp,0,0,1,0,1,0,0
longjmp,1,0,0,0,0,0,0
lrand48,0,0,0,0,0,0,1
lrand48_r,0,0,0,0,0,0,1
lremovexattr,0,0,1,1,0,0,0
lsearch,0,0,0,0,0,0,1
lseek,0,1,1,0,1,0,0
lseek64,0,1,1,0,1,0,0
lsetxattr,0,0,1,1,0,0,0
lstat,0,1,1,0,1,0,0
lstat64,0,0,1,0,1,0,0
lutimes,0,0,1,0,1,0,0
madvise,1,0,0,0,1,0,0
makecontext,1,0,0,0,0,0,0
mallinfo,0,0,0,0,1,0,0
malloc,1,0,0,0,0,0,0
malloc_info,0,0,0,0,0,0,1
malloc_stats,0,0,0,0,1,0,0
malloc_trim,1,0,0,0,0,0,0
malloc_usable_size,0,0,0,0,0,0,1
mallopt,0,0,0,0,0,0,1
mblen,0,0,0,0,0,0,1
mbrlen,0,0,0,0,0,0,1
mbrtowc,0,0,0,0,0,0,1
mbsinit,0,0,0,0,0,0,1
mbsnrtowcs,0,0,0,0,0,0,1
mbsrtowcs,0,0,0,0,0,0,1
mbstowcs,0,0,0,0,0,0,1
mbtowc,0,0,0,0,0,0,1
mcheck,0,0,0,0,0,0,1
mcheck_check_all,0,0,0,0,0,0,1
mcheck_pedantic,0,0,0,0,0,0,1
memalign,1,0,0,0,0,0,0
memccpy,0,0,0,0,0,0,1
memchr,0,0,0,0,0,0,1
memcmp,0,0,0,0,0,0,1
memcpy,0,0,0,0,0,0,1
memfd_create,1,0,1,0,0,0,0
memfrob,0,0,0,0,0,0,1
memmem,0,0,0,0,0,0,1
memmove,0,0,0,0,0,0,1
mempcpy,0,0,0,0,0,0,1
memrchr,0,0,0,0,0,0,1
memset,0,0,0,0,0,0,1
mincore,0,0,0,0,1,0,0
mkdir,0,0,1,1,0,0,0
mkdirat,0,0,1,1,0,0,0
mkdtemp,0,0,1,1,0,0,0
mkfifo,0,0,1,1,0,1,0
mkfifoat,0,0,1,1,0,1,0
mknod,0,1,1,1,0,0,0
mknodat,0,1,1,1,0,0,0
mkostemp,0,0,1,1,0,0,0
mkostemps,0,0,1,1,0,0,0
mkstemp,0,0,1,1,0,0,0
mkstemps,0,0,1,1,0,0,0
mktemp,0,0,0,0,0,0,1
mktime,0,0,0,0,0,0,1
mlock,1,0,0,0,0,0,0
mlock2,1,0,0,0,0,0,0
mlockall,1,0,0,0,0,0,0
mmap,1,0,1,0,0,0,0
mmap64,1,1,1,0,0,0,0
modf,0,0,0,0,0,0,1
modff,0,0,0,0,0,0,1
modfl,0,0,0,0,0,0,1
modify_ldt,1,0,0,1,0,0,0
mount,0,1,1,1,0,0,0
mprobe,0,0,0,0,0,0,1
mprotect,1,0,0,1,0,0,0
mq_close,0,0,0,0,0,1,0
mq_getattr,0,0,0,0,1,1,0
mq_notify,0,0,0,0,0,1,0
mq_open,0,0,1,1,0,1,0
mq_receive,0,0,0,0,0,1,0
mq_send,0,0,0,0,0,1,0
mq_setattr,0,0,0,0,0,1,0
mq_timedreceive,0,0,0,0,0,1,0
mq_timedsend,0,0,0,0,0,1,0
mq_unlink,0,0,1,0,0,1,0
mrand48,0,0,0,0,0,0,1
mrand48_r,0,0,0,0,0,0,1
mremap,1,0,0,0,0,0,0
msgctl,0,0,0,1,1,1,0
msgget,1,0,0,1,0,1,0
msgrcv,0,0,0,0,0,1,0
msgsnd,0,0,0,0,0,1,0
msync,0,1,1,0,0,0,0
mtrace,0,0,0,0,0,0,1
munlock,1,0,0,0,0,0,0
munlockall,1,0,0,0,0,0,0
munmap,1,0,0,0,0,0,0
muntrace,0,0,0,0,0,0,1
name_to_handle_at,0,0,1,0,1,0,0
nanosleep,1,0,0,0,0,0,0
newlocale,0,0,0,0,0,0,1
nfsservctl,0,1,1,0,0,1,0
nftw,0,1,1,0,1,0,0
ngettext,0,0,0,0,1,0,0
nice,1,0,0,0,0,0,0
nl_langinfo,0,0,0,0,0,0,1
nl_langinfo_l,0,0,0,0,0,0,1
nrand48,0,0,0,0,0,0,1
nrand48_r,0,0,0,0,0,0,1
ntohl,0,0,0,0,0,0,1
ntohs,0,0,0,0,0,0,1
ntp_adjtime,0,0,0,0,1,0,0
ntp_gettime,0,0,0,0,1,0,0
ntp_gettimex,0,0,0,0,1,0,0
on_exit,1,0,0,0,0,0,0
open,0,1,1,0,0,0,0
open_by_handle_at,0,0,1,0,0,0,0
open_memstream,0,0,0,0,0,0,1
open_wmemstream,0,0,1,0,0,0,0
openat,0,1,1,0,0,1,0
opendir,0,1,1,0,0,0,0
openlog,0,0,0,0,1,1,0
openpty,1,1,0,0,0,1,0
passwd2des,0,0,0,0,0,0,1
pathconf,0,0,0,0,1,0,0
pause,1,0,0,0,0,0,0
pclose,1,0,0,0,0,1,0
perror,0,0,0,0,0,0,1
personality,1,0,0,0,0,0,0
pipe,0,0,1,0,0,1,0
pipe2,0,1,1,0,0,1,0
pivot_root,1,1,0,1,0,0,0
pkey_alloc,1,0,0,1,0,0,0
pkey_free,1,0,0,1,0,0,0
pkey_mprotect,1,0,0,1,0,0,0
pmap_getmaps,0,0,0,0,1,1,0
pmap_getport,0,0,0,0,1,1,0
pmap_rmtcall,0,0,0,0,0,1,0
pmap_set,0,0,0,0,0,1,0
pmap_unset,0,0,0,0,0,1,0
poll,0,1,1,0,0,1,0
popen,1,0,1,0,0,1,0
posix_fadvise,0,0,1,0,1,0,0
posix_fallocate,0,1,1,0,0,0,0
posix_madvise,1,0,0,0,0,0,0
posix_memalign,1,0,0,0,0,0,0
posix_openpt,0,1,1,0,0,0,0
posix_spawn,1,0,1,0,0,0,0
posix_spawnp,1,0,1,0,0,0,0
ppoll,0,1,1,0,0,1,0
prctl,1,0,0,1,0,0,0
pread,0,1,1,0,0,1,0
pread64,0,1,1,0,0,1,0
preadv,0,1,1,0,0,1,0
preadv2,0,1,1,0,0,1,0
printf,0,0,0,0,0,0,1
prlimit,1,0,0,1,1,0,0
prlimit64,1,0,0,0,1,0,0
process_vm_readv,1,0,0,0,0,1,0
process_vm_writev,1,0,0,0,0,1,0
profil,0,0,0,0,0,0,1
program_invocation_name,0,0,0,0,0,0,1
program_invocation_short_name,0,0,0,0,0,0,1
pselect,0,1,1,0,0,1,0
psiginfo,0,0,0,0,0,0,1
psignal,0,0,0,0,0,0,1
pthread_attr_destroy,0,0,0,0,0,0,1
pthread_attr_getaffinity_np,0,0,0,0,0,0,1
pthread_attr_getdetachstate,0,0,0,0,0,0,1
pthread_attr_getguardsize,0,0,0,0,0,0,1
pthread_attr_getinheritsched,0,0,0,0,0,0,1
pthread_attr_getschedparam,0,0,0,0,0,0,1
pthread_attr_getschedpolicy,0,0,0,0,0,0,1
pthread_attr_getscope,0,0,0,0,0,0,1
pthread_attr_getsigmask_np,0,0,0,0,0,0,1
pthread_attr_getstack,0,0,0,0,0,0,1
pthread_attr_getstackaddr,0,0,0,0,0,0,1
pthread_attr_getstacksize,0,0,0,0,0,0,1
pthread_attr_init,0,0,0,0,0,0,1
pthread_attr_setaffinity_np,0,0,0,0,0,0,1
pthread_attr_setdetachstate,0,0,0,0,0,0,1
pthread_attr_setguardsize,0,0,0,0,0,0,1
pthread_attr_setinheritsched,0,0,0,0,0,0,1
pthread_attr_setschedparam,0,0,0,0,0,0,1
pthread_attr_setschedpolicy,0,0,0,0,0,0,1
pthread_attr_setscope,0,0,0,0,0,0,1
pthread_attr_setsigmask_np,0,0,0,0,0,0,1
pthread_attr_setstack,0,0,0,0,0,0,1
pthread_attr_setstackaddr,0,0,0,0,0,0,1
pthread_attr_setstacksize,0,0,0,0,0,0,1
pthread_cancel,1,0,0,0,0,1,0
pthread_create,1,0,0,0,0,1,0
pthread_detach,1,0,0,0,0,0,0
pthread_equal,0,0,0,0,0,0,1
pthread_exit,1,0,0,0,0,0,0
pthread_getaffinity_np,1,0,0,0,1,0,0
pthread_getattr_default_np,0,0,0,0,0,0,1
pthread_getattr_np,0,0,0,0,0,0,1
pthread_getconcurrency,0,0,0,0,0,0,1
pthread_getcpuclockid,0,0,0,0,0,0,1
pthread_getname_np,0,0,0,0,0,0,1
pthread_getschedparam,0,0,0,0,0,0,1
pthread_join,1,0,0,0,0,1,0
pthread_kill,1,0,0,0,0,1,0
pthread_kill_other_threads_np,1,0,0,0,0,0,0
pthread_mutex_consistent,0,0,0,0,0,0,1
pthread_mutex_consistent_np,1,0,0,0,0,0,0
pthread_mutexattr_getpshared,0,0,0,0,0,0,1
pthread_mutexattr_getrobust,0,0,0,0,0,0,1
pthread_mutexattr_getrobust_np,0,0,0,0,0,0,1
pthread_mutexattr_setpshared,0,0,0,0,0,0,1
pthread_mutexattr_setrobust,0,0,0,0,0,0,1
pthread_mutexattr_setrobust_np,0,0,0,0,0,0,1
pthread_rwlockattr_getkind_np,0,0,0,0,0,0,1
pthread_rwlockattr_setkind_np,0,0,0,0,0,0,1
pthread_self,0,0,0,0,0,0,1
pthread_setaffinity_np,1,0,0,0,0,0,0
pthread_setattr_default_np,0,0,0,0,0,0,1
pthread_setcancelstate,1,0,0,0,0,0,0
pthread_setcanceltype,1,0,0,0,0,0,0
pthread_setconcurrency,0,0,0,0,0,0,1
pthread_setname_np,0,0,0,0,0,0,1
pthread_setschedparam,1,0,0,0,0,0,0
pthread_setschedprio,1,0,0,0,0,0,0
pthread_sigmask,1,0,0,0,0,0,0
pthread_sigqueue,1,0,0,0,0,1,0
pthread_spin_destroy,0,0,0,0,0,0,1
pthread_spin_init,1,0,0,0,0,0,0
pthread_spin_lock,1,0,0,0,0,0,0
pthread_spin_trylock,0,0,0,0,0,0,1
pthread_spin_unlock,0,0,0,0,0,0,1
pthread_testcancel,0,0,0,0,0,0,1
pthread_timedjoin_np,1,0,0,0,0,1,0
pthread_tryjoin_np,1,0,0,0,0,1,0
pthread_yield,1,0,0,0,0,0,0
ptrace,1,0,0,1,1,0,0
ptsname,0,1,1,0,0,0,0
ptsname_r,0,1,1,0,0,0,0
putc,0,1,1,0,0,1,0
putc_unlocked,0,1,1,0,0,1,0
putchar,0,1,1,0,0,1,0
putchar_unlocked,0,1,1,0,0,0,0
putenv,0,0,0,0,0,0,1
putgrent,0,0,1,0,0,0,0
putmsg,0,0,0,0,0,0,1
putpmsg,0,0,0,0,0,0,1
putpwent,0,0,1,0,0,0,0
puts,0,1,1,0,0,0,0
putspent,0,0,1,1,0,0,0
pututline,0,0,1,0,1,0,0
pututxline,0,0,1,0,1,0,0
putw,0,1,1,0,0,1,0
putwc,0,1,1,0,0,1,0
putwc_unlocked,0,1,1,0,0,1,0
putwchar,0,1,1,0,0,0,0
putwchar_unlocked,0,1,1,0,0,1,0
pvalloc,1,0,0,0,0,0,0
pwrite,0,1,1,0,0,1,0
pwrite64,0,1,1,0,0,1,0
pwritev,0,1,1,0,0,1,0
pwritev2,0,1,1,0,0,1,0
qecvt,0,0,0,0,0,0,1
qecvt_r,0,0,0,0,0,0,1
qfcvt,0,0,0,0,0,0,1
qfcvt_r,0,0,0,0,0,0,1
qgcvt,0,0,0,0,0,0,1
qsort,0,0,0,0,0,0,1
qsort_r,0,0,0,0,0,0,1
query_module,0,0,0,0,1,0,0
quotactl,0,1,1,1,0,0,0
raise,1,0,0,0,0,1,0
rand,0,0,0,0,0,0,1
rand_r,0,0,0,0,0,0,1
random,0,0,0,0,0,0,1
random_r,0,0,0,0,0,0,1
rawmemchr,0,0,0,0,0,0,1
rcmd,1,0,0,1,0,1,0
rcmd_af,0,0,0,1,0,1,0
re_comp,0,0,0,0,0,0,1
re_exec,0,0,0,0,0,0,1
read,0,1,1,0,0,1,0
readahead,0,1,1,0,0,0,0
readdir,0,1,1,0,0,0,0
readdir_r,0,1,1,0,0,0,0
readlink,0,0,1,0,1,0,0
readlinkat,0,1,1,0,1,0,0
readv,0,1,1,0,0,1,0
realloc,1,0,0,0,0,0,0
reallocarray,1,0,0,0,0,0,0
realpath,0,0,1,0,1,0,0
reboot,1,0,0,1,0,0,0
recv,0,0,0,0,0,1,0
recvfrom,0,0,0,0,0,1,0
recvmmsg,0,0,0,0,0,1,0
recvmsg,0,0,0,0,0,1,0
regcomp,0,0,0,0,0,0,1
regerror,0,0,0,0,0,0,1
regexec,0,0,0,0,0,0,1
regfree,0,0,0,0,0,0,1
registerrpc,0,0,0,0,0,1,0
remap_file_pages,1,0,1,0,0,0,0
remove,0,0,1,0,0,0,0
removexattr,0,0,1,1,0,0,0
remque,0,0,0,0,0,0,1
rename,0,0,1,0,0,0,0
renameat,0,1,1,0,0,0,0
renameat2,0,1,1,0,0,0,0
res_mkquery,0,0,0,0,1,1,0
res_nmkquery,0,0,0,0,1,1,0
res_nquery,0,0,0,0,1,1,0
res_nquerydomain,0,0,0,0,1,1,0
res_nsearch,0,0,0,0,1,1,0
res_nsend,0,0,0,0,1,1,0
res_query,0,0,0,0,1,1,0
res_querydomain,0,0,0,0,1,1,0
res_search,0,0,0,0,1,1,0
res_send,0,0,0,0,1,1,0
rewind,0,1,1,0,0,1,0
rewinddir,0,0,0,0,0,0,1
rexec,0,0,0,0,0,1,0
rexec_af,0,0,0,0,0,1,0
rindex,0,0,0,0,0,0,1
rmdir,0,0,1,0,0,0,0
rpc_createerr,0,0,0,0,0,1,0
rpmatch,0,0,0,0,0,0,1
rresvport,0,0,0,1,0,1,0
rresvport_af,0,0,0,1,0,1,0
rtime,0,0,0,0,1,1,0
ruserok,0,0,0,1,1,1,0
ruserok_af,0,0,0,1,0,1,0
sbrk,1,0,0,0,0,0,0
scalbn,0,0,0,0,0,0,1
scalbnf,0,0,0,0,0,0,1
scalbnl,0,0,0,0,0,0,1
scandir,0,1,1,0,0,0,0
scandirat,0,1,1,0,0,0,0
scanf,0,1,1,0,0,1,0
sched_get_priority_max,1,0,0,0,1,0,0
sched_get_priority_min,1,0,0,0,1,0,0
sched_getaffinity,1,0,0,0,1,0,0
sched_getcpu,0,0,0,0,1,0,0
sched_getparam,1,0,0,0,1,0,0
sched_getscheduler,1,0,0,0,1,0,0
sched_rr_get_interval,1,0,0,0,1,0,0
sched_setaffinity,1,0,0,0,0,0,0
sched_setparam,1,0,0,0,0,0,0
sched_setscheduler,1,0,0,0,0,0,0
sched_yield,1,0,0,0,0,0,0
secure_getenv,0,0,0,0,0,0,1
seed48,0,0,0,0,0,0,1
seed48_r,0,0,0,0,0,0,1
seekdir,0,0,0,0,0,0,1
select,0,1,1,0,0,1,0
sem_close,1,0,0,0,0,1,0
sem_destroy,0,0,0,0,0,0,1
sem_getvalue,0,0,0,0,0,0,1
sem_init,1,0,0,0,0,1,0
sem_open,1,0,0,1,0,1,0
sem_post,1,0,0,0,0,0,0
sem_timedwait,1,0,0,0,0,1,0
sem_trywait,1,0,0,0,0,1,0
sem_unlink,0,0,1,0,0,0,0
sem_wait,1,0,0,0,0,1,0
semctl,1,0,0,1,1,0,0
semget,1,0,1,1,0,0,0
semop,1,0,0,0,0,1,0
semtimedop,1,0,0,0,0,1,0
send,0,0,0,0,0,1,0
sendfile,0,1,1,0,0,1,0
sendfile64,0,0,1,0,0,1,0
sendmmsg,0,0,0,0,0,1,0
sendmsg,0,0,0,0,0,1,0
sendto,0,0,0,0,0,1,0
setaliasent,0,0,1,0,1,0,0
setbuf,0,0,0,0,0,0,1
setbuffer,0,0,0,0,0,0,1
setcontext,1,0,0,0,0,0,0
setdomainname,0,0,0,0,1,0,0
setegid,1,0,0,1,0,0,0
setenv,1,0,0,0,0,0,0
seteuid,1,0,0,1,0,0,0
setfsent,0,0,1,0,1,0,0
setfsgid,0,0,0,1,0,0,0
setfsuid,0,0,0,1,0,0,0
setgid,1,0,0,1,0,0,0
setgrent,0,0,1,0,1,0,0
setgroups,0,0,0,1,0,0,0
sethostent,0,0,0,0,0,1,0
sethostid,0,0,0,1,1,0,0
sethostname,0,0,0,1,1,0,0
setitimer,1,0,0,0,0,1,0
setjmp,1,0,0,0,0,0,0
setlinebuf,0,0,0,0,0,0,1
setlocale,0,0,0,0,1,0,0
setlogmask,0,0,0,0,1,0,0
setmntent,0,1,1,0,0,0,0
setnetent,0,0,0,0,0,0,1
setnetgrent,0,0,0,0,1,0,0
setns,1,0,0,1,0,0,0
setpgid,1,0,0,0,0,0,0
setpgrp,1,0,0,0,0,0,0
setpriority,1,0,0,1,0,0,0
setprotoent,0,0,0,0,0,0,1
setpwent,0,0,0,0,0,0,1
setregid,1,0,0,1,0,0,0
setresgid,1,0,0,1,0,0,0
setresuid,1,0,0,1,0,0,0
setreuid,1,0,0,1,0,0,0
setrlimit,1,0,0,1,0,0,0
setrpcent,0,0,0,0,0,0,1
setservent,0,0,1,0,1,1,0
setsid,1,0,0,0,0,0,0
setsockopt,0,0,0,0,0,1,0
setspent,0,0,1,0,1,0,0
setstate,0,0,0,0,0,0,1
setstate_r,0,0,0,0,0,0,1
settimeofday,0,0,0,0,1,0,0
setttyent,0,0,1,0,1,0,0
setuid,1,0,0,1,0,0,0
setusershell,0,0,1,0,1,0,0
setutent,0,0,1,0,1,0,0
setutxent,0,0,1,0,1,0,0
setvbuf,0,0,0,0,0,0,1
setxattr,0,0,1,1,0,0,0
sgetspent,0,0,1,0,1,0,0
sgetspent_r,0,0,1,0,1,0,0
shm_open,1,0,1,0,0,1,0
shm_unlink,0,0,1,0,0,1,0
shmat,1,0,0,0,0,1,0
shmctl,1,0,0,1,1,0,0
shmdt,1,0,0,0,0,1,0
shmget,1,0,0,0,0,1,0
shutdown,0,0,0,0,0,1,0
sigabbrev_np,0,0,0,0,0,0,1
sigaction,1,0,0,1,0,0,0
sigaddset,0,0,0,0,0,0,1
sigaltstack,1,0,0,0,0,0,0
sigandset,0,0,0,0,0,0,1
sigblock,1,0,0,0,0,0,0
sigdelset,0,0,0,0,0,0,1
sigdescr_np,0,0,0,0,0,0,1
sigemptyset,0,0,0,0,0,0,1
sigfillset,0,0,0,0,0,0,1
siggetmask,0,0,0,0,1,0,0
sighold,1,0,0,0,0,0,0
sigignore,1,0,0,0,0,0,0
siginterrupt,0,0,0,0,0,0,1
sigisemptyset,0,0,0,0,0,0,1
sigismember,0,0,0,0,0,0,1
siglongjmp,1,0,0,0,0,0,0
signal,1,0,0,0,0,1,0
signalfd,1,0,0,0,0,1,0
sigorset,0,0,0,0,0,0,1
sigpause,1,0,0,0,0,1,0
sigpending,0,0,0,0,1,0,0
sigprocmask,1,0,0,1,0,0,0
sigqueue,1,0,0,0,0,1,0
sigrelse,1,0,0,0,0,0,0
sigreturn,1,0,0,0,0,0,0
sigset,1,0,0,0,0,0,0
sigsetmask,1,0,0,0,0,0,0
sigstack,1,0,0,0,1,0,0
sigsuspend,1,0,0,0,0,1,0
sigtimedwait,1,0,0,0,0,1,0
sigvec,1,0,0,1,0,0,0
sigwait,1,0,0,0,0,1,0
sigwaitinfo,1,0,0,0,0,1,0
sleep,1,0,0,0,0,0,0
snprintf,0,0,0,0,0,0,1
sockatmark,0,0,0,0,1,1,0
socket,0,1,0,0,0,1,0
socketpair,0,1,1,0,0,1,0
splice,0,1,1,0,0,1,0
sprintf,0,0,0,0,0,0,1
srand,0,0,0,0,0,0,1
srand48,0,0,0,0,0,0,1
srand48_r,0,0,0,0,0,0,1
srandom,0,0,0,0,0,0,1
srandom_r,0,0,0,0,0,0,1
sscanf,0,0,0,0,0,0,1
ssignal,0,0,0,0,0,0,1
stat,0,1,1,0,1,0,0
stat64,0,0,1,0,1,0,0
statfs,0,0,1,0,1,0,0
statfs64,0,1,1,0,1,0,0
statvfs,0,1,1,0,1,0,0
statx,0,0,1,0,1,0,0
stderr,0,0,0,0,0,0,1
stdin,0,0,0,0,0,0,1
stdout,0,0,0,0,0,0,1
stime,0,0,0,1,1,0,0
stpcpy,0,0,0,0,0,0,1
stpncpy,0,0,0,0,0,0,1
strcasecmp,0,0,0,0,0,0,1
strcasestr,0,0,0,0,0,0,1
strcat,0,0,0,0,0,0,1
strchr,0,0,0,0,0,0,1
strchrnul,0,0,0,0,0,0,1
strcmp,0,0,0,0,0,0,1
strcoll,0,0,0,0,0,0,1
strcpy,0,0,0,0,0,0,1
strcspn,0,0,0,0,0,0,1
strdup,1,0,0,0,0,0,0
strerror,0,0,0,0,0,0,1
strerror_l,0,0,0,0,0,0,1
strerror_r,0,0,0,0,0,0,1
strerrordesc_np,0,0,0,0,0,0,1
strerrorname_np,0,0,0,0,0,0,1
strfmon,0,0,0,0,0,0,1
strfmon_l,0,0,0,0,0,0,1
strfromd,0,0,0,0,0,0,1
strfromf,0,0,0,0,0,0,1
strfroml,0,0,0,0,0,0,1
strfry,0,0,0,0,0,0,1
strftime,0,0,0,0,0,0,1
strlen,0,0,0,0,0,0,1
strncasecmp,0,0,0,0,0,0,1
strncat,0,0,0,0,0,0,1
strncmp,0,0,0,0,0,0,1
strncpy,0,0,0,0,0,0,1
strndup,1,0,0,0,0,0,0
strnlen,0,0,0,0,0,0,1
strpbrk,0,0,0,0,0,0,1
strptime,0,0,0,0,0,0,1
strrchr,0,0,0,0,0,0,1
strsep,0,0,0,0,0,0,1
strsignal,0,0,0,0,0,0,1
strspn,0,0,0,0,0,0,1
strstr,0,0,0,0,0,0,1
strtod,0,0,0,0,0,0,1
strtof,0,0,0,0,0,0,1
strtoimax,0,0,0,0,0,0,1
strtok,0,0,0,0,0,0,1
strtok_r,0,0,0,0,0,0,1
strtol,0,0,0,0,0,0,1
strtold,0,0,0,0,0,0,1
strtoll,0,0,0,0,0,0,1
strtoq,0,0,0,0,0,0,1
strtoul,0,0,0,0,0,0,1
strtoull,0,0,0,0,0,0,1
strtoumax,0,0,0,0,0,0,1
strtouq,0,0,0,0,0,0,1
strverscmp,0,0,0,0,0,0,1
strxfrm,0,0,0,0,0,0,1
stty,0,0,0,0,0,0,1
svc_exit,1,0,0,0,0,1,0
svc_fdset,0,0,0,0,0,1,0
svc_getreq,0,0,0,0,0,1,0
svc_getreq_common,0,0,1,0,0,1,0
svc_getreq_poll,0,0,0,0,0,1,0
svc_getreqset,0,0,0,0,0,1,0
svc_register,0,0,0,0,0,1,0
svc_run,0,0,0,0,0,1,0
svc_sendreply,0,0,0,0,0,1,0
svc_unregister,0,0,0,0,0,1,0
svcerr_auth,0,0,0,0,0,1,0
svcerr_decode,0,0,0,0,0,1,0
svcerr_noproc,0,0,0,0,0,1,0
svcerr_noprog,0,0,0,0,0,1,0
svcerr_progvers,0,0,0,0,0,1,0
svcerr_systemerr,0,0,0,0,0,1,0
svcerr_weakauth,0,0,0,0,0,1,0
svcfd_create,0,0,0,0,0,1,0
svcraw_create,0,0,0,0,0,1,0
svctcp_create,0,1,0,0,0,1,0
svcudp_bufcreate,0,1,0,0,0,1,0
svcudp_create,0,1,0,0,0,1,0
svcunix_create,0,1,1,0,0,1,0
svcunixfd_create,0,0,0,0,0,1,0
swab,0,0,0,0,0,0,1
swapcontext,0,0,0,0,0,0,1
swapoff,0,1,0,1,0,0,0
swapon,0,1,0,1,0,0,0
swprintf,0,0,0,0,0,0,1
symlink,0,0,1,0,0,0,0
symlinkat,0,0,1,0,0,0,0
sync,0,1,1,0,1,0,0
sync_file_range,0,1,1,0,0,0,0
syncfs,0,0,1,0,0,0,0
sys_errlist,0,0,0,0,0,0,1
sys_nerr,0,0,0,0,0,0,1
sys_siglist,0,0,0,0,0,0,1
syscall,1,1,1,1,1,1,0
sysconf,0,0,0,0,1,0,0
sysctl,0,0,0,1,1,0,0
sysinfo,0,0,0,0,1,0,0
syslog,0,0,0,0,1,1,0
system,1,1,1,1,1,1,0
sysv_signal,1,0,0,0,0,1,0
tcdrain,0,1,0,0,0,1,0
tcflow,0,1,0,0,0,1,0
tcflush,0,1,0,0,0,1,0
tcgetattr,0,1,0,0,0,1,0
tcgetpgrp,1,1,0,0,0,0,0
tcgetsid,0,0,0,0,1,0,0
tcsendbreak,0,1,0,0,0,1,0
tcsetattr,0,1,0,0,0,1,0
tcsetpgrp,1,1,0,0,0,0,0
tdelete,0,0,0,0,0,0,1
tdestroy,0,0,0,0,0,0,1
tee,0,1,1,0,0,1,0
telldir,0,0,0,0,0,0,1
tempnam,0,0,1,0,0,0,0
textdomain,0,0,0,0,0,0,1
tfind,0,0,0,0,0,0,1
tgkill,1,0,0,0,0,1,0
time,0,0,0,0,1,0,0
timegm,0,0,0,0,0,0,1
timelocal,0,0,0,0,0,0,1
timer_create,1,0,0,0,0,1,0
timer_delete,1,0,0,0,0,0,0
timer_getoverrun,0,0,0,0,1,0,0
timer_gettime,0,0,0,0,1,0,0
timer_settime,1,0,0,0,1,0,0
timerfd_create,0,0,1,0,0,1,0
timerfd_gettime,0,0,0,0,1,0,0
timerfd_settime,1,0,1,0,0,1,0
times,0,0,0,0,1,0,0
timezone,0,0,0,0,0,0,1
tmpfile,0,0,1,1,0,0,0
tmpnam,0,0,0,0,0,0,1
tmpnam_r,0,0,0,0,0,0,1
toascii,0,0,0,0,0,0,1
tolower,0,0,0,0,0,0,1
tolower_l,0,0,0,0,0,0,1
toupper,0,0,0,0,0,0,1
toupper_l,0,0,0,0,0,0,1
towctrans,0,0,0,0,0,0,1
towlower,0,0,0,0,0,0,1
towlower_l,0,0,0,0,0,0,1
towupper,0,0,0,0,0,0,1
towupper_l,0,0,0,0,0,0,1
truncate,0,1,1,0,0,0,0
truncate64,0,1,1,0,0,0,0
tsearch,0,0,0,0,0,0,1
ttyname,0,0,1,0,1,0,0
ttyname_r,0,1,1,0,1,0,0
ttyslot,0,0,0,0,1,0,0
twalk,0,0,0,0,0,0,1
twalk_r,0,0,0,0,0,0,1
tzname,0,0,0,0,0,0,1
tzset,0,0,0,0,1,0,0
ualarm,1,0,0,0,0,1,0
ulckpwdf,0,0,0,1,0,0,0
ulimit,0,0,0,0,0,0,1
umask,0,0,0,1,0,0,0
umount,0,1,1,1,0,0,0
umount2,0,1,1,1,0,0,0
uname,0,0,0,0,1,0,0
ungetc,0,0,1,0,0,0,0
ungetwc,0,0,0,0,0,0,1
unlink,0,0,1,0,0,0,0
unlinkat,0,0,1,0,0,0,0
unlockpt,0,1,0,0,0,0,0
unsetenv,0,0,0,0,0,0,1
unshare,1,0,0,0,0,0,0
updwtmp,0,0,1,0,1,0,0
updwtmpx,0,0,1,0,1,0,0
uselib,1,0,1,0,0,0,0
uselocale,0,0,0,0,0,0,1
usleep,1,0,0,0,0,0,0
ustat,0,1,1,0,1,0,0
utime,0,0,1,0,0,0,0
utimensat,0,0,1,0,1,0,0
utimes,0,0,1,0,1,0,0
utmpname,0,0,1,0,1,0,0
utmpxname,0,0,1,0,1,0,0
valloc,1,0,0,0,0,0,0
vasprintf,0,0,0,0,0,0,1
vdprintf,0,1,1,0,0,1,0
verr,0,0,0,0,0,0,1
verrx,0,0,0,0,0,0,1
versionsort,0,1,1,0,0,0,0
vfork,1,0,0,0,0,0,0
vfprintf,0,1,1,0,0,1,0
vfscanf,0,1,1,0,0,1,0
vfwprintf,0,0,0,0,0,0,1
vhangup,0,1,0,1,0,0,0
vlimit,1,0,0,0,1,0,0
vmsplice,0,0,1,0,0,1,0
vprintf,0,0,0,0,0,0,1
vscanf,0,0,1,0,0,1,0
vsnprintf,0,0,0,0,0,0,1
vsprintf,0,0,0,0,0,0,1
vsscanf,0,0,0,0,0,0,1
vswprintf,0,0,0,0,0,0,1
vsyslog,0,0,0,0,1,1,0
vtimes,0,0,0,0,1,0,0
vwarn,0,0,0,0,0,0,1
vwarnx,0,0,0,0,0,0,1
vwprintf,0,0,0,0,0,0,1
wait,1,0,0,0,0,1,0
wait3,1,0,0,0,1,0,0
wait4,1,0,0,0,1,0,0
waitid,1,0,0,0,0,1,0
waitpid,1,0,0,0,0,0,0
warn,0,0,0,0,0,0,1
warnx,0,0,0,0,0,0,1
wcpcpy,0,0,0,0,0,0,1
wcpncpy,0,0,0,0,0,0,1
wcrtomb,0,0,0,0,0,0,1
wcscasecmp,0,0,0,0,0,0,1
wcscat,0,0,0,0,0,0,1
wcschr,0,0,0,0,0,0,1
wcscmp,0,0,0,0,0,0,1
wcscpy,0,0,0,0,0,0,1
wcscspn,0,0,0,0,0,0,1
wcsdup,1,0,0,0,0,0,0
wcslen,0,0,0,0,0,0,1
wcsncasecmp,0,0,0,0,0,0,1
wcsncat,0,0,0,0,0,0,1
wcsncmp,0,0,0,0,0,0,1
wcsncpy,0,0,0,0,0,0,1
wcsnlen,0,0,0,0,0,0,1
wcsnrtombs,0,0,0,0,0,0,1
wcspbrk,0,0,0,0,0,0,1
wcsrchr,0,0,0,0,0,0,1
wcsrtombs,0,0,0,0,0,0,1
wcsspn,0,0,0,0,0,0,1
wcsstr,0,0,0,0,0,0,1
wcstoimax,0,0,0,0,0,0,1
wcstok,0,0,0,0,0,0,1
wcstombs,0,0,0,0,0,0,1
wcstoumax,0,0,0,0,0,0,1
wcswidth,0,0,0,0,0,0,1
wctob,0,0,0,0,0,0,1
wctomb,0,0,0,0,0,0,1
wctrans,0,0,0,0,0,0,1
wctype,0,0,0,0,0,0,1
wcwidth,0,0,0,0,0,0,1
wmemchr,0,0,0,0,0,0,1
wmemcmp,0,0,0,0,0,0,1
wmemcpy,0,0,0,0,0,0,1
wmemmove,0,0,0,0,0,0,1
wmempcpy,0,0,0,0,0,0,1
wmemset,0,0,0,0,0,0,1
wordexp,0,0,1,0,1,0,0
wordfree,0,0,0,0,0,0,1
wprintf,0,0,0,0,0,0,1
write,0,1,1,0,0,1,0
writev,0,1,1,0,0,1,0
xdecrypt,0,0,0,0,0,0,1
xdr_accepted_reply,0,0,0,0,0,1,0
xdr_array,0,0,0,0,0,1,0
xdr_authunix_parms,0,0,0,0,0,1,0
xdr_bool,0,0,0,0,0,1,0
xdr_bytes,0,0,0,0,0,1,0
xdr_callhdr,0,0,0,0,0,1,0
xdr_callmsg,0,0,0,0,0,1,0
xdr_char,0,0,0,0,0,1,0
xdr_double,0,0,0,0,0,1,0
xdr_enum,0,0,0,0,0,1,0
xdr_float,0,0,0,0,0,1,0
xdr_free,0,0,0,0,0,0,1
xdr_int,0,0,0,0,0,1,0
xdr_long,0,0,0,0,0,1,0
xdr_opaque,0,0,0,0,0,1,0
xdr_opaque_auth,0,0,0,0,0,1,0
xdr_pmap,0,0,0,0,0,1,0
xdr_pmaplist,0,0,0,0,0,1,0
xdr_pointer,0,0,0,0,0,1,0
xdr_reference,0,0,0,0,0,1,0
xdr_rejected_reply,0,0,0,0,0,1,0
xdr_replymsg,0,0,0,0,0,1,0
xdr_short,0,0,0,0,0,1,0
xdr_string,0,0,0,0,0,1,0
xdr_u_char,0,0,0,0,0,1,0
xdr_u_int,0,0,0,0,0,1,0
xdr_u_long,0,0,0,0,0,1,0
xdr_u_short,0,0,0,0,0,1,0
xdr_union,0,0,0,0,0,1,0
xdr_vector,0,0,0,0,0,1,0
xdr_void,0,0,0,0,0,0,1
xdr_wrapstring,0,0,0,0,0,1,0
xdrmem_create,0,0,0,0,0,1,0
xdrrec_create,0,0,0,0,0,1,0
xdrrec_endofrecord,0,0,0,0,0,1,0
xdrrec_eof,0,0,0,0,0,0,1
xdrrec_skiprecord,0,0,0,0,0,1,0
xdrstdio_create,0,0,0,0,0,1,0
xencrypt,0,0,0,0,0,0,1
xprt_register,0,0,0,0,0,1,0
xprt_unregister,0,0,0,0,0,1,0